{
  "module_dir": "/mnt/data/userproj",
  "namespace": "com.example.app",
  "applicationId": null,
  "injected_into_existing_application": true,
  "created_new_application": false,
  "added_components": [
    "com.example.app.patchlock.LockGuardService",
    "com.example.app.patchlock.FullscreenLockActivity",
    "com.example.app.patchlock.BootReceiver",
    "com.example.app.patchlock.AppLifecycleHook",
    "com.example.app.patchlock.AppLockState",
    "com.example.app.patchlock.LockDialog",
    "com.example.app.patchlock.MiuiHelper"
  ],
  "manifest_path": "/mnt/data/userproj/app/src/main/AndroidManifest.xml",
  "proguard_path": "/mnt/data/userproj/proguard-rules.pro",
  "resources_added": [
    "/mnt/data/userproj/app/src/main/res/layout/patch_fragment_password_dialog.xml",
    "/mnt/data/userproj/app/src/main/res/drawable/ic_lock_patch.xml",
    "/mnt/data/userproj/app/src/main/res/values/styles.xml",
    "/mnt/data/userproj/app/src/main/res/values/strings.xml"
  ],
  "workflow_added": "/mnt/data/userproj/.github/workflows/android.yml"
}