[
  {
    "file": "app/src/main/java/com/example/lockapp/ScreenOnReceiver.kt",
    "change": "Replace SCREEN_ON/USER_PRESENT activity launch with state-only updates; add SCREEN_OFF handling.",
    "reason": "Avoid stealing focus during lock; stop launching custom UI on screen events."
  },
  {
    "file": "app/src/main/java/com/example/lockapp/service/GatekeeperService.kt",
    "change": "Disable showGate() on ACTION_SCREEN_ON; no UI launch on screen on.",
    "reason": "Let system Keyguard appear; prevent custom lock from covering it."
  },
  {
    "file": "app/src/main/java/com/example/lockapp/overlay/OverlayLockService.kt",
    "change": "Add Keyguard-locked guard in onStartCommand to stop overlay while lockscreen is active.",
    "reason": "Prevent overlays from covering system lockscreen and eating input."
  },
  {
    "file": "app/src/main/AndroidManifest.xml",
    "change": "Manifest: remove SCREEN_ON from receiver; set showOnLockScreen/turnScreenOn=false; remove HOME category from LauncherActivity.",
    "reason": "Stop covering Keyguard; avoid acting as HOME launcher; prevent screen-on UI launches."
  },
  {
    "file": "app/src/main/java/com/example/lockapp/LauncherActivity.kt",
    "change": "LauncherActivity: onUnlock no longer clears stack & jumps to Main; setKeyguardDisabled(..., false).",
    "reason": "Allow returning to previous position after unlock; ensure Keyguard not disabled in DO mode."
  },
  {
    "file": "app/src/main/java/com/example/lockapp/util/KeyguardExt.kt",
    "change": "Add Keyguard extension helpers isKeyguardLocked()/isDeviceSecure().",
    "reason": "Provide a unified, readable way to gate UI on lock state."
  },
  {
    "file": ".github/workflows/android.yml",
    "change": "Add GitHub Actions workflow to build and upload debug APK.",
    "reason": "Provide out-of-the-box CI build in GitHub."
  },
  {
    "file": "app/src/main/java/com/example/lockapp/LauncherActivity.kt",
    "change": "LauncherActivity: remove requestDismissKeyguard() usage to avoid dismissing system lock.",
    "reason": "Do not interfere with system Keyguard presentation."
  }
]